4,index32_check,4.428903,2631609870
4,index128_check,3.687066,2629478607
4,updates,19.695857,10333686
4,hash32_once,0.664105,1329743847
4,hash128_once,1.239315,1895720460
4,index32,4.430951,735889410
4,index128,2.941704,733758147
4,index128_check,3.797616,2629478607
4,updates,19.911767,10333686
4,hash32_once,0.641640,1329743847
4,hash128_once,1.246709,1895720460
4,index32,3.126693,735889410
4,index128,2.414396,733758147
4,index32_check,4.437158,2631609870
4,updates,19.780984,10333686
4,hash32_once,0.676516,1329743847
4,hash128_once,1.278450,1895720460
4,index32,3.234331,735889410
4,index128,2.474128,733758147
4,index32_check,4.262809,2631609870
4,index128_check,3.591779,2629478607
4,hash32_once,0.652607,1329743847
4,hash128_once,1.250395,1895720460
4,index32,3.228484,735889410
4,index128,2.489301,733758147
4,index32_check,4.340140,2631609870
4,index128_check,3.568465,2629478607
4,updates,19.526192,10333686
4,hash128_once,1.298812,1895720460
4,index32,3.095433,735889410
4,index128,3.879185,733758147
4,index32_check,4.843221,2631609870
4,index128_check,3.581886,2629478607
4,updates,19.146283,10333686
4,hash32_once,0.644004,1329743847
4,index32,3.239156,735889410
4,index128,2.428282,733758147
4,index32_check,4.307359,2631609870
4,index128_check,3.556999,2629478607
4,updates,22.566197,10333686
4,hash32_once,1.134633,1329743847
4,hash128_once,1.439112,1895720460
4,index128,2.502079,733758147
4,index32_check,4.439691,2631609870
4,index128_check,3.926525,2629478607
4,updates,19.747027,10333686
4,hash32_once,0.674304,1329743847
4,hash128_once,1.287717,1895720460
4,index32,3.159228,735889410
4,index32_check,4.385071,2631609870
4,index128_check,3.668085,2629478607
4,updates,19.253684,10333686
4,hash32_once,0.640515,1329743847
4,hash128_once,1.248398,1895720460
4,index32,3.063380,735889410
4,index128,2.376009,733758147
4,index128_check,3.794902,2629478607
4,updates,19.435381,10333686
4,hash32_once,0.641220,1329743847
4,hash128_once,1.236592,1895720460
4,index32,3.107046,735889410
4,index128,2.385114,733758147
4,index32_check,4.249742,2631609870
4,updates,20.364406,10333686
4,hash32_once,0.643199,1329743847
4,hash128_once,1.312373,1895720460
4,index32,3.149836,735889410
4,index128,2.396719,733758147
4,index32_check,4.293366,2631609870
4,index128_check,3.576251,2629478607
4,hash32_once,0.643432,1329743847
4,hash128_once,1.337370,1895720460
4,index32,3.057075,735889410
4,index128,2.433106,733758147
4,index32_check,4.233582,2631609870
4,index128_check,3.571586,2629478607
4,updates,21.137550,10333686
4,hash128_once,1.255270,1895720460
4,index32,3.066633,735889410
4,index128,2.380785,733758147
4,index32_check,5.009227,2631609870
4,index128_check,3.527111,2629478607
4,updates,20.074963,10333686
4,hash32_once,0.657793,1329743847
4,index32,3.044648,735889410
4,index128,2.759941,733758147
4,index32_check,4.578310,2631609870
4,index128_check,3.589659,2629478607
4,updates,19.720659,10333686
4,hash32_once,0.654858,1329743847
4,hash128_once,1.485681,1895720460
4,index128,2.456168,733758147
4,index32_check,4.546963,2631609870
4,index128_check,3.717495,2629478607
4,updates,20.423772,10333686
4,hash32_once,0.640716,1329743847
4,hash128_once,1.255636,1895720460
4,index32,3.103817,735889410
4,index32_check,4.744788,2631609870
4,index128_check,3.720618,2629478607
4,updates,20.112277,10333686
4,hash32_once,0.641669,1329743847
4,hash128_once,1.297532,1895720460
4,index32,3.139371,735889410
4,index128,2.565491,733758147
16,index32_check,7.683654,1421798035
16,index128_check,4.118991,1425711100
16,updates,21.989548,17957728
16,hash32_once,1.403227,2248831679
16,hash128_once,1.549085,687229942
16,index32,6.328517,734568093
16,index128,3.349063,738481158
16,index128_check,4.367276,1425711100
16,updates,21.701450,17957728
16,hash32_once,1.428849,2248831679
16,hash128_once,1.540873,687229942
16,index32,6.405957,734568093
16,index128,2.797399,738481158
16,index32_check,7.775086,1421798035
16,updates,22.381154,17957728
16,hash32_once,1.399180,2248831679
16,hash128_once,1.591601,687229942
16,index32,6.363817,734568093
16,index128,2.682582,738481158
16,index32_check,8.207869,1421798035
16,index128_check,4.140139,1425711100
16,hash32_once,1.495705,2248831679
16,hash128_once,1.553018,687229942
16,index32,6.171338,734568093
16,index128,2.602339,738481158
16,index32_check,7.719788,1421798035
16,index128_check,4.188390,1425711100
16,updates,21.765269,17957728
16,hash128_once,1.552976,687229942
16,index32,6.424453,734568093
16,index128,2.597478,738481158
16,index32_check,7.843042,1421798035
16,index128_check,4.155271,1425711100
16,updates,21.231290,17957728
16,hash32_once,1.625808,2248831679
16,index32,6.319993,734568093
16,index128,2.741882,738481158
16,index32_check,7.797586,1421798035
16,index128_check,4.368507,1425711100
16,updates,22.276403,17957728
16,hash32_once,1.403311,2248831679
16,hash128_once,1.556418,687229942
16,index128,2.616530,738481158
16,index32_check,7.600972,1421798035
16,index128_check,4.023474,1425711100
16,updates,21.068937,17957728
16,hash32_once,1.361090,2248831679
16,hash128_once,1.509168,687229942
16,index32,6.198309,734568093
16,index32_check,7.956173,1421798035
16,index128_check,4.201268,1425711100
16,updates,21.186851,17957728
16,hash32_once,1.357928,2248831679
16,hash128_once,1.559026,687229942
16,index32,6.405759,734568093
16,index128,2.592726,738481158
16,index128_check,4.038115,1425711100
16,updates,21.191357,17957728
16,hash32_once,1.358979,2248831679
16,hash128_once,1.501655,687229942
16,index32,6.519905,734568093
16,index128,2.629631,738481158
16,index32_check,7.542716,1421798035
16,updates,20.965477,17957728
16,hash32_once,1.445356,2248831679
16,hash128_once,1.607264,687229942
16,index32,6.110709,734568093
16,index128,2.578256,738481158
16,index32_check,7.849018,1421798035
16,index128_check,4.217044,1425711100
16,hash32_once,1.377277,2248831679
16,hash128_once,1.562489,687229942
16,index32,6.546929,734568093
16,index128,2.630018,738481158
16,index32_check,7.821921,1421798035
16,index128_check,4.244173,1425711100
16,updates,22.117441,17957728
16,hash128_once,1.552873,687229942
16,index32,6.532275,734568093
16,index128,2.606105,738481158
16,index32_check,7.810464,1421798035
16,index128_check,4.270678,1425711100
16,updates,22.027429,17957728
16,hash32_once,1.406372,2248831679
16,index32,6.205557,734568093
16,index128,2.946746,738481158
16,index32_check,8.255631,1421798035
16,index128_check,4.268785,1425711100
16,updates,30.044582,17957728
16,hash32_once,1.481957,2248831679
16,hash128_once,1.689551,687229942
16,index128,2.695173,738481158
16,index32_check,8.418718,1421798035
16,index128_check,4.202781,1425711100
16,updates,22.060460,17957728
16,hash32_once,1.449853,2248831679
16,hash128_once,1.552565,687229942
16,index32,6.546220,734568093
16,index32_check,7.861441,1421798035
16,index128_check,4.265683,1425711100
16,updates,23.095364,17957728
16,hash32_once,1.418344,2248831679
16,hash128_once,1.543278,687229942
16,index32,6.948334,734568093
16,index128,2.803836,738481158
20,index32_check,9.075697,2631182450
20,index128_check,4.826635,2632236494
20,updates,22.959236,20522726
20,hash32_once,1.869246,1899616986
20,hash128_once,1.801727,1895476901
20,index32,7.523427,735705549
20,index128,2.892936,736759593
20,index128_check,4.654550,2632236494
20,updates,22.498948,20522726
20,hash32_once,1.819953,1899616986
20,hash128_once,1.841911,1895476901
20,index32,7.561622,735705549
20,index128,3.020499,736759593
20,index32_check,9.631039,2631182450
20,updates,22.465075,20522726
20,hash32_once,2.175206,1899616986
20,hash128_once,1.816798,1895476901
20,index32,7.168517,735705549
20,index128,2.848372,736759593
20,index32_check,11.332082,2631182450
20,index128_check,4.655280,2632236494
20,hash32_once,1.732003,1899616986
20,hash128_once,2.121122,1895476901
20,index32,7.757472,735705549
20,index128,2.875465,736759593
20,index32_check,9.697159,2631182450
20,index128_check,4.720221,2632236494
20,updates,22.411203,20522726
20,hash128_once,1.811094,1895476901
20,index32,8.199937,735705549
20,index128,2.838067,736759593
20,index32_check,9.278342,2631182450
20,index128_check,4.716211,2632236494
20,updates,21.595188,20522726
20,hash32_once,1.725753,1899616986
20,index32,7.296121,735705549
20,index128,2.881650,736759593
20,index32_check,9.132000,2631182450
20,index128_check,4.794676,2632236494
20,updates,21.519814,20522726
20,hash32_once,1.720985,1899616986
20,hash128_once,1.822099,1895476901
20,index128,2.867786,736759593
20,index32_check,18.484974,2631182450
20,index128_check,4.890392,2632236494
20,updates,23.108761,20522726
20,hash32_once,2.528182,1899616986
20,hash128_once,2.783842,1895476901
20,index32,7.345122,735705549
20,index32_check,12.258908,2631182450
20,index128_check,4.843981,2632236494
20,updates,23.601964,20522726
20,hash32_once,1.938826,1899616986
20,hash128_once,2.080540,1895476901
20,index32,7.311211,735705549
20,index128,2.857430,736759593
20,index128_check,4.656141,2632236494
20,updates,21.882931,20522726
20,hash32_once,1.709927,1899616986
20,hash128_once,1.802331,1895476901
20,index32,7.638042,735705549
20,index128,2.982947,736759593
20,index32_check,9.367884,2631182450
20,updates,24.276017,20522726
20,hash32_once,1.777123,1899616986
20,hash128_once,1.850868,1895476901
20,index32,7.752274,735705549
20,index128,3.401426,736759593
20,index32_check,9.372177,2631182450
20,index128_check,5.494594,2632236494
20,hash32_once,1.793512,1899616986
20,hash128_once,1.902109,1895476901
20,index32,7.477522,735705549
20,index128,2.937317,736759593
20,index32_check,9.345595,2631182450
20,index128_check,4.774413,2632236494
20,updates,22.184460,20522726
20,hash128_once,1.854619,1895476901
20,index32,7.511076,735705549
20,index128,2.945272,736759593
20,index32_check,9.363693,2631182450
20,index128_check,4.772977,2632236494
20,updates,23.342036,20522726
20,hash32_once,1.812037,1899616986
20,index32,7.936533,735705549
20,index128,2.941584,736759593
20,index32_check,9.562860,2631182450
20,index128_check,4.994962,2632236494
20,updates,22.406498,20522726
20,hash32_once,1.835444,1899616986
20,hash128_once,1.966008,1895476901
20,index128,3.199235,736759593
20,index32_check,9.734077,2631182450
20,index128_check,5.999475,2632236494
20,updates,22.047082,20522726
20,hash32_once,1.779767,1899616986
20,hash128_once,1.850751,1895476901
20,index32,7.528212,735705549
20,index32_check,9.472260,2631182450
20,index128_check,6.231939,2632236494
20,updates,22.716780,20522726
20,hash32_once,1.723382,1899616986
20,hash128_once,1.812497,1895476901
20,index32,8.221320,735705549
20,index128,2.868086,736759593
32,index32_check,13.343981,1990477408
32,index128_check,5.605558,1991479171
32,updates,24.603923,28178478
32,hash32_once,2.607610,2976121383
32,hash128_once,2.207903,1254573445
32,index32,12.033288,735903963
32,index128,3.254017,736905726
32,index128_check,5.642768,1991479171
32,updates,24.261138,28178478
32,hash32_once,2.609254,2976121383
32,hash128_once,2.144819,1254573445
32,index32,11.531058,735903963
32,index128,3.239755,736905726
32,index32_check,13.558002,1990477408
32,updates,24.618762,28178478
32,hash32_once,2.607305,2976121383
32,hash128_once,2.170246,1254573445
32,index32,11.671840,735903963
32,index128,3.254338,736905726
32,index32_check,13.970946,1990477408
32,index128_check,5.579120,1991479171
32,hash32_once,2.730211,2976121383
32,hash128_once,2.259417,1254573445
32,index32,11.621126,735903963
32,index128,3.821955,736905726
32,index32_check,13.336667,1990477408
32,index128_check,5.601000,1991479171
32,updates,24.908630,28178478
32,hash128_once,3.144286,1254573445
32,index32,11.254068,735903963
32,index128,3.601472,736905726
32,index32_check,13.013684,1990477408
32,index128_check,5.884080,1991479171
32,updates,23.025039,28178478
32,hash32_once,2.609661,2976121383
32,index32,11.446119,735903963
32,index128,3.132565,736905726
32,index32_check,12.786531,1990477408
32,index128_check,6.420068,1991479171
32,updates,23.411080,28178478
32,hash32_once,2.536845,2976121383
32,hash128_once,2.108101,1254573445
32,index128,3.799651,736905726
32,index32_check,13.293201,1990477408
32,index128_check,5.829873,1991479171
32,updates,24.891934,28178478
32,hash32_once,2.522541,2976121383
32,hash128_once,2.109127,1254573445
32,index32,11.856463,735903963
32,index32_check,13.462379,1990477408
32,index128_check,5.386916,1991479171
32,updates,24.276109,28178478
32,hash32_once,2.528825,2976121383
32,hash128_once,2.117334,1254573445
32,index32,11.628980,735903963
32,index128,3.130266,736905726
32,index128_check,5.385080,1991479171
32,updates,24.941556,28178478
32,hash32_once,2.526530,2976121383
32,hash128_once,2.101134,1254573445
32,index32,12.236631,735903963
32,index128,3.140492,736905726
32,index32_check,13.286046,1990477408
32,updates,25.679352,28178478
32,hash32_once,2.757758,2976121383
32,hash128_once,2.617813,1254573445
32,index32,11.139783,735903963
32,index128,3.874460,736905726
32,index32_check,13.422622,1990477408
32,index128_check,5.476537,1991479171
32,hash32_once,2.522952,2976121383
32,hash128_once,2.096947,1254573445
32,index32,11.044231,735903963
32,index128,3.160610,736905726
32,index32_check,13.273092,1990477408
32,index128_check,5.406253,1991479171
32,updates,24.211517,28178478
32,hash128_once,2.119142,1254573445
32,index32,11.034883,735903963
32,index128,14.526631,736905726
32,index32_check,13.660013,1990477408
32,index128_check,5.506088,1991479171
32,updates,23.871506,28178478
32,hash32_once,2.678525,2976121383
32,index32,11.011376,735903963
32,index128,3.239802,736905726
32,index32_check,13.260441,1990477408
32,index128_check,5.469986,1991479171
32,updates,23.981707,28178478
32,hash32_once,2.557829,2976121383
32,hash128_once,2.169733,1254573445
32,index128,3.148959,736905726
32,index32_check,12.706635,1990477408
32,index128_check,5.397141,1991479171
32,updates,23.729447,28178478
32,hash32_once,2.523451,2976121383
32,hash128_once,2.103303,1254573445
32,index32,11.095568,735903963
32,index32_check,13.061604,1990477408
32,index128_check,5.379791,1991479171
32,updates,26.281336,28178478
32,hash32_once,2.524485,2976121383
32,hash128_once,2.127624,1254573445
32,index32,11.856286,735903963
32,index128,3.159937,736905726
64,index32_check,37.273380,1454408218
64,index128_check,8.384481,1453785922
64,updates,55.038784,48499150
64,hash32_once,5.608601,3956671768
64,hash128_once,3.735303,716776849
64,index32,23.917195,737631369
64,index128,4.925565,737009073
64,index128_check,8.643413,1453785922
64,updates,32.845747,48499150
64,hash32_once,5.622191,3956671768
64,hash128_once,3.693066,716776849
64,index32,22.369348,737631369
64,index128,4.848091,737009073
64,index32_check,28.237483,1454408218
64,updates,35.272901,48499150
64,hash32_once,5.989525,3956671768
64,hash128_once,3.753571,716776849
64,index32,23.335941,737631369
64,index128,4.965249,737009073
64,index32_check,28.273868,1454408218
64,index128_check,9.689160,1453785922
64,hash32_once,5.837946,3956671768
64,hash128_once,3.937451,716776849
64,index32,23.740676,737631369
64,index128,5.179908,737009073
64,index32_check,26.734467,1454408218
64,index128_check,8.725632,1453785922
64,updates,32.966964,48499150
64,hash128_once,4.151075,716776849
64,index32,23.588347,737631369
64,index128,4.970741,737009073
64,index32_check,27.225768,1454408218
64,index128_check,8.638846,1453785922
64,updates,32.787203,48499150
64,hash32_once,5.569884,3956671768
64,index32,23.132545,737631369
64,index128,5.229203,737009073
64,index32_check,28.470055,1454408218
64,index128_check,9.056441,1453785922
64,updates,33.626761,48499150
64,hash32_once,6.256321,3956671768
64,hash128_once,3.645830,716776849
64,index128,5.378096,737009073
64,index32_check,27.432215,1454408218
64,index128_check,9.472205,1453785922
64,updates,32.584350,48499150
64,hash32_once,5.719237,3956671768
64,hash128_once,3.631443,716776849
64,index32,24.514275,737631369
64,index32_check,27.863342,1454408218
64,index128_check,8.641513,1453785922
64,updates,32.696081,48499150
64,hash32_once,5.735386,3956671768
64,hash128_once,3.669967,716776849
64,index32,22.464197,737631369
64,index128,5.270548,737009073
64,index128_check,8.817979,1453785922
64,updates,33.529253,48499150
64,hash32_once,5.432960,3956671768
64,hash128_once,4.079247,716776849
64,index32,26.893422,737631369
64,index128,4.822386,737009073
64,index32_check,28.674289,1454408218
64,updates,32.640444,48499150
64,hash32_once,5.657792,3956671768
64,hash128_once,3.729857,716776849
64,index32,22.462569,737631369
64,index128,4.812665,737009073
64,index32_check,27.017446,1454408218
64,index128_check,8.471937,1453785922
64,hash32_once,5.766848,3956671768
64,hash128_once,3.547924,716776849
64,index32,24.666456,737631369
64,index128,5.477293,737009073
64,index32_check,26.843060,1454408218
64,index128_check,9.001105,1453785922
64,updates,32.613692,48499150
64,hash128_once,3.497059,716776849
64,index32,22.701833,737631369
64,index128,4.914438,737009073
64,index32_check,26.451278,1454408218
64,index128_check,8.628155,1453785922
64,updates,32.111377,48499150
64,hash32_once,5.772184,3956671768
64,index32,22.942999,737631369
64,index128,4.662917,737009073
64,index32_check,26.374354,1454408218
64,index128_check,8.448939,1453785922
64,updates,32.765744,48499150
64,hash32_once,5.393678,3956671768
64,hash128_once,3.490880,716776849
64,index128,5.206994,737009073
64,index32_check,27.485730,1454408218
64,index128_check,9.737135,1453785922
64,updates,34.268194,48499150
64,hash32_once,5.509415,3956671768
64,hash128_once,3.548931,716776849
64,index32,26.769017,737631369
64,index32_check,27.588627,1454408218
64,index128_check,8.756318,1453785922
64,updates,32.630385,48499150
64,hash32_once,5.557681,3956671768
64,hash128_once,3.606881,716776849
64,index32,22.318207,737631369
64,index128,4.786929,737009073
